ID,title,rating,ratingLevel,ratingDescription,release year,user rating score,user rating size,genre,title,length,On air Status
815,White Chicks,PG-13,crude and sexual humor language and some drug content,80,2004,82,80,Comedy,White Chicks,1h49m,2004
900,Lucky Number Slevin,R,strong violence sexual content and adult language,100,2006,81,82,Crime,Lucky Number Slevin,1h50m,2006
827,Grey's Anatomy,TV-14,Parents strongly cautioned. May be unsuitable for children ages 14 and under.,90,2016,98,80,Romance,Grey's Anatomy,41m,On air 
882,Prison Break,TV-14,Parents strongly cautioned. May be unsuitable for children ages 14 and under.,90,2008,98,80,ActionandCrime,Prison Break,44m,2004-2017
778,How I Met Your Mother,TV-PG,Parental guidance suggested. May not be suitable for all children.,70,2014,94,80,Comedy,How I Met Your Mother,22m,2005-2014
502,Supernatural,TV-14,Parents strongly cautioned. May be unsuitable for children ages 14 and under.,90,2016,95,80,FantasyandHorror,Supernatural,44m,On air 
843,Breaking Bad,TV-MA,For mature audiences.  May not be suitable for children 17 and under.,110,2013,97,80,Crime,Breaking Bad,49m,2008-2013
568,The Vampire Diaries,TV-14,Parents strongly cautioned. May be unsuitable for children ages 14 and under.,90,2017,91,80,FantasyandHorror,The Vampire Diaries,43m,2009-2017
873,The Walking Dead,TV-MA,For mature audiences.  May not be suitable for children 17 and under.,110,2015,98,80,Sci-Fi,The Walking Dead,44m,On air 
838,Pretty Little Liars,TV-14,Parents strongly cautioned. May be unsuitable for children ages 14 and under.,90,2016,96,80,Mystery,Pretty Little Liars,44m,2010-2017
920,Once Upon a Time,TV-PG,Parental guidance suggested. May not be suitable for all children.,70,2016,98,80,Fantasy,Once Upon a Time,1h,2011-2018
769,Sherlock,TV-14,Parents strongly cautioned. May be unsuitable for children ages 14 and under.,90,2016,95,80,Mystery,Sherlock,1h28m,2010-2017
644,Death Note,TV-14,Parents strongly cautioned. May be unsuitable for children ages 14 and under.,90,2006,77,80,AnimationandCrime,Death Note,24m,2006-2007
959,Naruto,TV-PG,Parental guidance suggested. May not be suitable for all children.,70,2008,88,80,Animation,Naruto,24m,2007-2017
676,The Hunter,R,language and brief violence,100,2011,81,82,Thriller,The Hunter,1h40m,2011
663,Lottie Dottie Chicken,TV-Y,Suitable for all ages.,10,2009,81,82,Animation,Lottie Dottie Chicken,1h24m,2009
556,Arrow,TV-14,Parents strongly cautioned. May be unsuitable for children ages 14 and under.,90,2015,96,80,ActionandCrime,Arrow,42m,On air 
514,Black Mirror,TV-MA,For mature audiences.  May not be suitable for children 17 and under.,110,2016,80,80,Sci-Fi,Black Mirror,1h,2011-2018
526,The Originals,TV-14,Parents strongly cautioned. May be unsuitable for children ages 14 and under.,90,2016,74,80,FantasyandHorror,The Originals,45m,2013-2018
558,The 100,NR,This movie has not been rated.,124,2016,97,80,Mystery,The 100,43m,2014-2019
592,Masha and the Bear,TV-Y,Suitable for all ages.,10,2013,81,80,Animation,Masha and the Bear,7m,2007-2019
574,ÌÒ Pai ÌÒ - Look at This,TV-MA,For mature audiences.  May not be suitable for children 17 and under.,110,2007,81,82,Musical,ÌÒ Pai ÌÒ - Look at This,1h36m,2007
967,Nymphomaniac: Volume 1,NR,This movie has not been rated.,124,2013,81,82,Drama,Nymphomaniac: Volume 1,1h57m,2013
765,Hunter X Hunter (2011),NR,This movie has not been rated.,124,2013,57,80,Action,Hunter X Hunter (2011),24m,2011-2014
783,Marvel's Luke Cage,TV-MA,For mature audiences.  May not be suitable for children 17 and under.,110,2016,95,80,Action,Marvel's Luke Cage,55m,2016-2018
980,Marvel's Iron Fist,TV-MA,,110,2017,98,80,ActionAdventure,Marvel's Iron Fist,55m,2017-2018
553,Narcos,TV-MA,For mature audiences.  May not be suitable for children 17 and under.,110,2016,94,80,Biography,Narcos,49m,2015-2017
902,The Flash,TV-PG,Parental guidance suggested. May not be suitable for all children.,70,2016,98,80,Action,The Flash,43m,On air 
628,The Seven Deadly Sins,TV-14,Parents strongly cautioned. May be unsuitable for children ages 14 and under.,90,2016,81,82,Drama,The Seven Deadly Sins,43m,2014-2018
997,Scream,TV-14,Parents strongly cautioned. May be unsuitable for children ages 14 and under.,90,2016,81,82,Horror,Scream,45m,2015-2016
543,The Do-Over,TV-MA,For mature audiences.  May not be suitable for children 17 and under.,110,2016,84,80,ActionAdventure,The Do-Over,1h48m,2016
664,OperaÌ¤Ìµes Especiais,TV-MA,,110,2015,81,82,Action,OperaÌ¤Ìµes Especiais,1h39m,2015
793,3%,TV-MA,For mature audiences.  May not be suitable for children 17 and under.,110,2016,83,82,Action,3%,49m,2016-2018
853,Trollhunters,TV-Y7-FV,Suitable for children ages 7 and older.  Content contains fantasy violence.,42,2016,81,80,Animation,Trollhunters,23m,2016-2018
607,Fearless,TV-14,Parents strongly cautioned. May be unsuitable for children ages 14 and under.,90,2016,81,82,Crime,Fearless,45m,2017
913,Hyena Road,R,bloody war violence language throughout and some sexual material,100,2015,82,82,Action,Hyena Road,2h,2015
564,Santa Clarita Diet,TV-MA,For mature audiences.  May not be suitable for children 17 and under.,110,2017,81,80,Comedy,Santa Clarita Diet,30m,On air 
839,Sex Love and Therapy,NR,This movie has not been rated.,124,2014,81,82,Drama,Sex Love and Therapy,1h28m,2014
976,White Girl,UR,This movie has not been rated. Intended for adults only and may contain sex violence drugs language or other adult themes.,124,2016,94,82,Crime,White Girl,1h28m,2016
881,Girlboss,TV-MA,,110,2017,81,80,Comedy,Girlboss,26m,2017
772,City of God: 10 Years Later,TV-MA,For mature audiences.  May not be suitable for children 17 and under.,110,2013,99,82,Documentary,City of God: 10 Years Later,1h10m,2014
892,13 Reasons Why,TV-MA,For mature audiences.  May not be suitable for children 17 and under.,110,2017,89,80,Mystery,13 Reasons Why,1h,2017-2018
875,Sand Castle,TV-MA,,110,2017,81,80,Drama,Sand Castle,1h53m,2017
896,Salvador Martinha - Tip of the Tongue,TV-MA,For mature audiences.  May not be suitable for children 17 and under.,110,2016,92,82,Comedy,Salvador Martinha - Tip of the Tongue,1h5m,2016
926,Sandy Wexler,TV-14,,90,2017,81,80,Biography,Sandy Wexler,2h10m,2017
944,O Amor no DivÌ£,TV-MA,,110,2016,81,82,Comedy,O Amor no DivÌ£,2h,2016
952,Stronger Than the World,NR,,124,2016,81,82,Drama,Stronger Than the World,1h47m,2016
647,Back and Forth,NR,This movie has not been rated.,124,2016,81,82,Biography,Back and Forth,52m,2016
926,Happily Married,TV-14,,90,2015,81,82,Thriller,Happily Married,15m,2015
691,Pandora,TV-MA,,110,2016,97,82,Action,Pandora,2h16m,2016
742,The Office (U.S.),TV-14,Parents strongly cautioned. May be unsuitable for children ages 14 and under.,90,2012,96,80,Comedy,The Office (U.S.),22m,2005-2013
512,90210,TV-14,Parents strongly cautioned. May be unsuitable for children ages 14 and under.,90,2013,94,80,Comedy,90210,1h,2008-2013
708,Gossip Girl,TV-14,Parents strongly cautioned. May be unsuitable for children ages 14 and under.,90,2012,92,80,Drama,Gossip Girl,42m,2007-2012
672,Parks and Recreation,TV-14,Parents strongly cautioned. May be unsuitable for children ages 14 and under.,90,2015,98,80,Comedy,Parks and Recreation,22m,2008-2015
550,Glee,TV-PG,Parental guidance suggested. May not be suitable for all children.,70,2015,98,80,Comedy,Glee,44m,2009-2015
884,Family Guy,TV-MA,For mature audiences.  May not be suitable for children 17 and under.,110,2015,98,80,Animation,Family Guy,22m,On air 
651,Criminal Minds,TV-14,Parents strongly cautioned. May be unsuitable for children ages 14 and under.,90,2016,81,80,Crime,Criminal Minds,42m,On air 
844,Friends,TV-14,Parents strongly cautioned. May be unsuitable for children ages 14 and under.,90,2003,90,80,Comedy,Friends,22m,1994-2004
698,The Secret Life of the American Teenager,TV-14,Parents strongly cautioned. May be unsuitable for children ages 14 and under.,90,2013,97,80,Comedy,The Secret Life of the American Teenager,43m,2008-2013
983,One Tree Hill,TV-14,Parents strongly cautioned. May be unsuitable for children ages 14 and under.,90,2011,91,80,Comedy,One Tree Hill,1h,2003-2012
747,Shameless (U.S.),TV-MA,For mature audiences.  May not be suitable for children 17 and under.,110,2016,90,80,Comedy,Shameless (U.S.),46m,On air 
842,New Girl,TV-14,Parents strongly cautioned. May be unsuitable for children ages 14 and under.,90,2016,98,80,Comedy,New Girl,22m,2011-2018
654,American Horror Story,TV-MA,For mature audiences.  May not be suitable for children 17 and under.,110,2016,81,80,Horror,American Horror Story,1h,On air 
850,Orange Is the New Black,TV-MA,For mature audiences.  May not be suitable for children 17 and under.,110,2016,83,80,Crime,Orange Is the New Black,1h,On air 
917,Inside Russia's Toughest Prison,TV-14,Parents strongly cautioned. May be unsuitable for children ages 14 and under.,90,2011,90,82,Documentary,Inside Russia's Toughest Prison,1h,2011
728,Bates Motel,TV-14,Parents strongly cautioned. May be unsuitable for children ages 14 and under.,90,2016,95,80,Horror,Bates Motel,45m,2013-2017
712,Grace and Frankie,TV-MA,For mature audiences.  May not be suitable for children 17 and under.,110,2017,80,80,Comedy,Grace and Frankie,30m,On air 
586,How to Get Away with Murder,TV-14,Parents strongly cautioned. May be unsuitable for children ages 14 and under.,90,2016,81,80,Crime,How to Get Away with Murder,43m,On air 
888,The Get Down,TV-MA,For mature audiences.  May not be suitable for children 17 and under.,110,2017,81,80,Drama,The Get Down,52m,2016-2017
699,Love,TV-MA,For mature audiences.  May not be suitable for children 17 and under.,110,2017,90,82,Comedy,Love,50m,2016-2018
712,The OA,TV-MA,For mature audiences.  May not be suitable for children 17 and under.,110,2016,96,82,Fantasy,The OA,1h,On air 
613,Stranger Things,TV-14,Parents strongly cautioned. May be unsuitable for children ages 14 and under.,90,2016,97,80,FantasyandHorror,Stranger Things,51m,On air 
681,Ingobernable,TV-MA,,110,2017,79,80,Crime,Ingobernable,40m,On air 
995,Zootopia,PG,some thematic elements rude humor and action,60,2016,98,80,Animation,Zootopia,1h48m,2016
841,Meet the Blacks,R,pervasive language some sexual material violence and drug use,100,2016,91,80,Animation,Meet the Blacks,1h34m,2016
607,Finding Dory,PG,mild thematic elements,60,2016,93,80,Animation,Finding Dory,1h37,2016
582,Sausage Party,R,strong crude sexual content pervasive language and drug use,100,2016,97,80,Animation,Sausage Party,1h29m,2016
772,Pete's Dragon,PG,for action peril and brief language,60,2016,81,80,ActionAdventure,Pete's Dragon,1h42m,2016
686,Kevin Hart: What Now?,R,some sexual material and language throughout,100,2016,93,80,Comedy,Kevin Hart: What Now?,1h36m,2016
996,The Discovery,TV-MA,,110,2017,61,82,Comedy,The Discovery,1h452m,2017
657,Chewing Gum,TV-MA,For mature audiences.  May not be suitable for children 17 and under.,110,2017,78,80,Crime,Chewing Gum,23m,On air 
984,Cheer Squad,TV-PG,,70,2016,81,80,Romance,Cheer Squad,1h,On air 
709,Only for One Night,TV-MA,,110,2016,81,80,ActionandCrime,Only for One Night,1h26m,2016
740,The Life Aquatic with Steve Zissou,R,language some drug use violence and partial nudity,100,2004,66,82,Comedy,The Life Aquatic with Steve Zissou,1h59m,2004
606,The L Word,TV-MA,For mature audiences.  May not be suitable for children 17 and under.,110,2009,75,82,FantasyandHorror,The L Word,50m,2004-2009
827,30 Rock,TV-14,Parents strongly cautioned. May be unsuitable for children ages 14 and under.,90,2012,91,80,Crime,30 Rock,22m,2006-2013
640,Mad Men,TV-14,Parents strongly cautioned. May be unsuitable for children ages 14 and under.,90,2014,63,80,FantasyandHorror,Mad Men,47m,2007-2015
745,It's Always Sunny in Philadelphia,TV-MA,For mature audiences.  May not be suitable for children 17 and under.,110,2016,62,80,Sci-Fi,It's Always Sunny in Philadelphia,22m,On air 
584,Californication,TV-MA,For mature audiences.  May not be suitable for children 17 and under.,110,2014,81,80,Mystery,Californication,28m,2007-2014
602,Portlandia,TV-14,Parents strongly cautioned. May be unsuitable for children ages 14 and under.,90,2016,81,80,Fantasy,Portlandia,22m,2011-2018
626,Don't Trust the B---- in Apartment 23,TV-14,Parents strongly cautioned. May be unsuitable for children ages 14 and under.,90,2012,92,82,Mystery,Don't Trust the B---- in Apartment 23,22m,2012-2013
994,Friends with Benefits,TV-14,Parents strongly cautioned. May be unsuitable for children ages 14 and under.,90,2011,81,82,AnimationandCrime,Friends with Benefits,1h49m,2011
887,The Client List,TV-14,Parents strongly cautioned. May be unsuitable for children ages 14 and under.,90,2013,81,80,Animation,The Client List,42m,2012-2013
903,Halt and Catch Fire,TV-14,Parents strongly cautioned. May be unsuitable for children ages 14 and under.,90,2016,81,82,Thriller, ,1h,2014-2017
578,5 to 7,R,some sexual material,100,2014,81,82,Animation,5 to 7,1h 35m,2014
932,Chef's Table,TV-MA,For mature audiences.  May not be suitable for children 17 and under.,110,2017,95,82,ActionandCrime,Chef's Table,50m,On air 
831,Documentary Now!,TV-14,Parents strongly cautioned. May be unsuitable for children ages 14 and under.,90,2016,74,82,Sci-Fi,Documentary Now!,23m,On air 
518,Better Call Saul,TV-MA,For mature audiences.  May not be suitable for children 17 and under.,110,2016,81,80,FantasyandHorror,Better Call Saul,46m,On air 
876,Schitt's Creek,TV-14,Parents strongly cautioned. May be unsuitable for children ages 14 and under.,90,2016,81,80,Mystery,Schitt's Creek,22m,On air 
828,Lovesick,TV-MA,For mature audiences.  May not be suitable for children 17 and under.,110,2016,81,82,Animation,Lovesick,24m,On air 
944,Flaked,TV-MA,For mature audiences.  May not be suitable for children 17 and under.,110,2016,81,82,Musical,Flaked,30m,On air 
645,Master of None,TV-MA,For mature audiences.  May not be suitable for children 17 and under.,110,2015,81,82,Drama,Master of None,30m,On air 
863,Chelsea,TV-MA,For mature audiences.  May not be suitable for children 17 and under.,110,2017,81,82,Action,Chelsea,30m,On air 
730,Abstract: The Art of Design,TV-14,,90,2017,94,82,Action,Abstract: The Art of Design,45m,On air 
646,Cooper Barrett's Guide to Surviving Life,TV-14,Parents strongly cautioned. May be unsuitable for children ages 14 and under.,90,2016,68,82,ActionAdventure,Cooper Barrett's Guide to Surviving Life,30m,2016
998,The Great British Baking Show,TV-PG,Parental guidance suggested. May not be suitable for all children.,70,2016,81,80,Biography,The Great British Baking Show,1h,On air 
766,Life in Pieces,TV-14,Parents strongly cautioned. May be unsuitable for children ages 14 and under.,90,2015,81,80,Action,Life in Pieces,22m,On air 
799,Crazy Ex-Girlfriend,TV-14,Parents strongly cautioned. May be unsuitable for children ages 14 and under.,90,2017,81,82,Drama,Crazy Ex-Girlfriend,42m,On air 
955,Easy,TV-MA,For mature audiences.  May not be suitable for children 17 and under.,110,2016,81,82,Horror,Easy,30n,On air 
859,No Tomorrow,TV-14,Parents strongly cautioned. May be unsuitable for children ages 14 and under.,90,2016,81,82,ActionAdventure,No Tomorrow,43m,2016-2017
602,Minimalism: A Documentary About the Important Things,TV-PG,,70,2016,81,82,Action,Minimalism: A Documentary About the Important Things,1h 18m,2016
947,Hot Girls Wanted: Turned On,TV-MA,,110,2017,81,82,Action,Hot Girls Wanted: Turned On,46m,On air 
530,Win It All,TV-MA,,110,2017,81,82,Animation,Win It All,1h 28m,2017
694,MerlÌ?,TV-PG,Parental guidance suggested. May not be suitable for all children.,70,2015,71,82,Crime,MerlÌ?,58m,2015-2018
833,Amy Schumer: The Leather Special,TV-MA,,110,2017,94,82,Action,Amy Schumer: The Leather Special,57m,2017
920,Louis C.K. 2017,TV-MA,,110,2017,81,80,Comedy,Louis C.K. 2017,1h 14m,2017
976,Dave Chappelle,TV-MA,For mature audiences.  May not be suitable for children 17 and under.,110,2017,81,80,Drama,Dave Chappelle,1h 16m,2017
798,Almost Adults,NR,This movie has not been rated.,124,2016,81,82,Crime,Almost Adults,1h 30m,2017
534,The Brothers,R,strong sexual content and language,100,2001,88,82,Comedy,The Brothers,1h 46m,2001
614,Skins,TV-MA,For mature audiences.  May not be suitable for children 17 and under.,110,2013,59,82,Documentary,Skins,46m,2007-2013
956,The Cleveland Show,TV-14,Parents strongly cautioned. May be unsuitable for children ages 14 and under.,90,2012,73,80,Mystery,The Cleveland Show,22m,2009-2013
820,Absolutely Fabulous,TV-14,Parents strongly cautioned. May be unsuitable for children ages 14 and under.,90,2012,81,80,Drama,Absolutely Fabulous,45m,1992-2012
874,Raising Hope,TV-14,Parents strongly cautioned. May be unsuitable for children ages 14 and under.,90,2013,63,80,Comedy,Raising Hope,22m,2010-2014
687,Come Fly With Me,TV-14,Parents strongly cautioned. May be unsuitable for children ages 14 and under.,90,2010,81,82,Biography,Come Fly With Me,29m,2010-2011
530,Brickleberry,TV-MA,For mature audiences.  May not be suitable for children 17 and under.,110,2014,81,80,Comedy,Brickleberry,22m,2012-2015
608,BoJack Horseman,TV-MA,For mature audiences.  May not be suitable for children 17 and under.,110,2016,81,82,Drama,BoJack Horseman,25m,On air 
728,Being Mary Jane: The Series,TV-14,Parents strongly cautioned. May be unsuitable for children ages 14 and under.,90,2016,81,82,Biography,Being Mary Jane: The Series,1h,On air 
847,Unbreakable Kimmy Schmidt,TV-14,Parents strongly cautioned. May be unsuitable for children ages 14 and under.,90,2016,86,82,Thriller,Unbreakable Kimmy Schmidt,30m,2015-2019
725,Bordertown,TV-14,Parents strongly cautioned. May be unsuitable for children ages 14 and under.,90,2016,91,80,Action,Bordertown,1h,On air 
600,Jane The Virgin,TV-14,Parents strongly cautioned. May be unsuitable for children ages 14 and under.,90,2016,74,80,Comedy,Jane The Virgin,1h,On air 
958,Dope,R,language drug content sexuality/nudity and some violence-all involving teens,100,2015,79,80,Comedy,Dope,1h 43m,2015
874,The Carmichael Show,TV-14,Parents strongly cautioned. May be unsuitable for children ages 14 and under.,90,2016,81,80,Drama,The Carmichael Show,21m,2015-2017
821,November Rule,TV-14,Parents strongly cautioned. May be unsuitable for children ages 14 and under.,90,2015,69,82,Comedy,November Rule,1h 34m,2015
707,Haters Back Off,TV-14,Parents strongly cautioned. May be unsuitable for children ages 14 and under.,90,2016,81,80,Comedy,Haters Back Off,30m,2016-2017
538,Kubo and the Two Strings,PG,thematic elements scary images action and peril,60,2016,94,80,Animation,Kubo and the Two Strings,1h 41m,2016
672,Skins,TV-MA,,110,2017,81,82,Crime,Skins,46m,2007-2013
969,A Weekend with the Family,TV-MA,For mature audiences.  May not be suitable for children 17 and under.,110,2016,68,82,Comedy,A Weekend with the Family,1h 22m,2016
825,Crazyhead,TV-MA,For mature audiences.  May not be suitable for children 17 and under.,110,2016,81,82,Comedy,Crazyhead,1h,2016
844,Queen of Katwe,PG,thematic elements an accident scene and some suggestive material,60,2016,81,81,Comedy,Queen of Katwe,2h 4m,2016
580,Little Boxes,TV-14,Parents strongly cautioned. May be unsuitable for children ages 14 and under.,90,2016,58,80,Comedy,Little Boxes,1h 24m,2017
981,Deidra & Laney Rob a Train,TV-14,,90,2017,96,82,Comedy,Deidra & Laney Rob a Train,1h 32m,2017
601,Hurricane Bianca,TV-MA,,110,2016,81,82,Horror,Hurricane Bianca,1h 24m,2016
894,Honeytrap,NR,This movie has not been rated.,124,2014,81,82,Crime,Honeytrap,1h 33m,2016
674,Greenleaf,TV-14,Parents strongly cautioned. May be unsuitable for children ages 14 and under.,90,2016,81,80,Documentary,Greenleaf,1h,On air 
565,Lazy Eye,TV-MA,,110,2016,81,82,Horror,Lazy Eye,1h 27m,2016
557,Like Cotton Twines,NR,,124,2016,61,82,Comedy,Like Cotton Twines,1h 36m,2016
550,The Wedding Party,TV-14,,90,2016,81,82,Crime,The Wedding Party,1h 32m,1969
582,Boy Bye,TV-MA,,110,2016,81,82,Drama,Boy Bye,1h 23m,2016
729,Nancy Drew,PG,Parental guidance suggested. May not be suitable for children.,60,2007,81,82,Comedy,Nancy Drew,1h 39m,2007
547,Nurse Jackie,TV-MA,For mature audiences.  May not be suitable for children 17 and under.,110,2015,62,80,Fantasy,Nurse Jackie,27m,2009-2015
601,Drop Dead Diva,TV-PG,Parental guidance suggested. May not be suitable for all children.,70,2014,81,82,FantasyandHorror,Drop Dead Diva,1h,2009-2014
608,Gilmore Girls,TV-14,Parents strongly cautioned. May be unsuitable for children ages 14 and under.,90,2006,81,80,Crime,Gilmore Girls,44m,2000-2007
821,Parenthood,TV-14,Parents strongly cautioned. May be unsuitable for children ages 14 and under.,90,2014,81,80,Animation,Parenthood,1h,2010-2015
973,Life Unexpected,TV-PG,Parental guidance suggested. May not be suitable for all children.,70,2010,94,80,Animation,Life Unexpected,1h,2010-2011
710,Being Human (U.S.),TV-14,Parents strongly cautioned. May be unsuitable for children ages 14 and under.,90,2014,81,80,Animation,Being Human (U.S.),1h,2008-2013
643,The Carrie Diaries,TV-14,Parents strongly cautioned. May be unsuitable for children ages 14 and under.,90,2013,81,82,Animation,The Carrie Diaries,42m,2013-2014
569,Baby Daddy,TV-14,Parents strongly cautioned. May be unsuitable for children ages 14 and under.,90,2016,81,80,ActionAdventure,Baby Daddy,22m,2012-2017
590,The Angriest Man in Brooklyn,R,Restricted. May be inappropriate for children 17 and under.,100,2014,82,82,Comedy,The Angriest Man in Brooklyn,1h 23m,2014
903,Sense8,TV-MA,For mature audiences.  May not be suitable for children 17 and under.,110,2017,81,80,Comedy,Sense8,1h,2015-2018
934,Girlfriends' Guide to Divorce,TV-14,Parents strongly cautioned. May be unsuitable for children ages 14 and under.,90,2015,91,80,Crime,Girlfriends' Guide to Divorce,1h,2014-2018
746,Fried,TV-MA,For mature audiences.  May not be suitable for children 17 and under.,110,2015,79,82,Romance,Fried,23m,On air 
581,The Great Gilly Hopkins,PG,for thematic material and language,60,2016,55,80,ActionandCrime,The Great Gilly Hopkins,1h 39m,2016
507,The Magicians,TV-MA,For mature audiences.  May not be suitable for children 17 and under.,110,2016,73,80,Comedy,The Magicians,1h,On air 
816,One Day at a Time,TV-PG,Parental guidance suggested. May not be suitable for all children.,70,2017,58,82,FantasyandHorror,One Day at a Time,30m,2017-2019
538,Better Off Single,TV-MA,,110,2016,81,82,Crime,Better Off Single,1h 25m,2016
792,The Matchbreaker,PG,Parental guidance suggested. May not be suitable for children.,60,2016,80,80,FantasyandHorror,The Matchbreaker,1h 34m,2016
979,Tramps,TV-MA,,110,2017,81,82,Sci-Fi,Tramps,1h 24m,2017
983,Slam,TV-MA,,110,2017,81,82,Mystery,Slam,1h 40m,2017
896,The Waterboy,PG-13,language and some crude sexual humor,80,1998,81,80,Fantasy,The Waterboy,1h 30m,1998
542,10 Things I Hate About You,PG-13,adult content adult language and mild violence,80,1999,81,80,Mystery,10 Things I Hate About You,1h 37m,1999
726,Grease,PG,Parental guidance suggested. May not be suitable for children.,60,1978,81,80,AnimationandCrime,Grease,1h 50m,1978
738,How to Lose a Guy in 10 Days,PG-13,some sex-related material,80,2003,86,80,Animation,How to Lose a Guy in 10 Days,1h 56m,2003
895,The Benchwarmers,PG-13,crude and suggestive humor and for language,80,2006,63,80,Thriller,The Benchwarmers,1h 20m,2006
978,Step Up,PG-13,thematic elements brief violence and innuendo,80,2006,74,80,Animation,Step Up,1h 44m,2006
821,High School Musical 2,TV-G,Suitable for all ages.,35,2007,69,80,ActionandCrime,High School Musical 2,1h 44m,2007
531,Twilight,PG-13,some violence and one sexual scene,80,2008,81,80,Sci-Fi,Twilight,2h 2m,2008
734,Coraline,PG,thematic elements scary images some language and suggestive humor,60,2009,81,80,FantasyandHorror,Coraline,1h 40m,2009
649,Hannah Montana: The Movie,G,General Audiences. Suitable for all ages.,35,2009,81,80,Mystery,Hannah Montana: The Movie,1h 42m,2009
554,Friday Night Lights,TV-PG,Parental guidance suggested. May not be suitable for all children.,70,2010,94,80,Animation,Friday Night Lights,44m,2006-2011
549,StarStruck,TV-G,Suitable for all ages.,35,2010,68,82,Musical,StarStruck,1h 30m,2010
552,Mean Girls 2,PG-13,For some rude and suggestive material and for language.,80,2011,81,82,Drama,Mean Girls 2,1h 36m,2011
966,That '70s Show,TV-14,Parents strongly cautioned. May be unsuitable for children ages 14 and under.,90,2005,81,80,Action,That '70s Show,22m,1998-2006
919,Heartland,TV-PG,Parental guidance suggested. May not be suitable for all children.,70,2015,69,80,Action,Heartland,45m,On air 
680,Switched at Birth,TV-14,Parents strongly cautioned. May be unsuitable for children ages 14 and under.,90,2015,89,80,ActionAdventure,Switched at Birth,1h,2011-2017
580,Hart of Dixie,TV-PG,Parental guidance suggested. May not be suitable for all children.,70,2014,81,80,Biography,Hart of Dixie,1h,2011-2015
673,Safe Haven,PG-13,thematic material involving threatening behavior and for violence and sexuality,80,2013,81,80,Action,Safe Haven,1h 55m,2013
939,The Night Shift,TV-14,Parents strongly cautioned. May be unsuitable for children ages 14 and under.,90,2015,79,80,Drama,The Night Shift,42m,2014-2017
712,Reign,TV-14,Parents strongly cautioned. May be unsuitable for children ages 14 and under.,90,2015,81,80,Horror,Reign,42m,2013-2017
539,Fuller House,TV-G,Suitable for all ages.,35,2016,81,80,ActionAdventure,Fuller House,30m,On air 
772,Gilmore Girls: A Year in the Life,TV-14,Parents strongly cautioned. May be unsuitable for children ages 14 and under.,90,2016,81,80,Action,Gilmore Girls: A Year in the Life,1h 30m,2016
982,Gabriel lglesias: I‰Ûªm Sorry For What I Said When I Was Hungry,TV-14,Parents strongly cautioned. May be unsuitable for children ages 14 and under.,90,2016,82,80,Action,Gabriel lglesias: I‰Ûªm Sorry For What I Said When I Was Hungry,1h,2016
620,The Wedding Planner,PG-13,language and some sexual humor,80,2001,68,82,Animation,The Wedding Planner,1h 43m,2001
667,Blow,R,pervasive drug content and language some violence and sexuality,100,2001,86,80,Crime,Blow,2h 4m,2001
890,High School Musical,TV-G,Suitable for all ages.,35,2006,56,80,Action,High School Musical,1h 38m,2006
857,Bones,TV-14,Parents strongly cautioned. May be unsuitable for children ages 14 and under.,90,2016,77,80,Comedy,Bones,40m,2005-2017
634,Law & Order: Special Victims Unit,TV-14,Parents strongly cautioned. May be unsuitable for children ages 14 and under.,90,2015,64,80,Drama,Law & Order: Special Victims Unit,1h,On air 
797,NCIS,TV-14,Parents strongly cautioned. May be unsuitable for children ages 14 and under.,90,2016,58,80,Crime,NCIS,1h,On air 
975,Army Wives,TV-14,Parents strongly cautioned. May be unsuitable for children ages 14 and under.,90,2013,89,80,Comedy,Army Wives,1h,2007-2013
730,Private Practice,TV-14,Parents strongly cautioned. May be unsuitable for children ages 14 and under.,90,2012,95,80,Documentary,Private Practice,1h,2007-2013
535,Revenge,TV-PG,Parental guidance suggested. May not be suitable for all children.,70,2015,56,80,Mystery,Revenge,44m,2011-2015
741,Scandal,TV-14,Parents strongly cautioned. May be unsuitable for children ages 14 and under.,90,2016,81,80,Drama,Scandal,43m,2012-2018
769,Magic Mike,R,pervasive sexual content brief graphic nudity language and some drug use,100,2012,81,80,Comedy,Magic Mike,1h 50m,2012
924,Trouble with the Curve,PG-13,Parents strongly cautioned. May be inappropriate for children under 13.,80,2012,62,80,Biography,Trouble with the Curve,1h 51m,2012
503,Home,PG,mild action and some rude humor,60,2015,81,80,Comedy,Home,27m,On air 
878,Skin Wars,TV-14,Parents strongly cautioned. May be unsuitable for children ages 14 and under.,90,2016,89,80,Drama,Skin Wars,1h,On air 
855,Felipe Neto: My Life Makes No Sense,TV-MA,,110,2017,85,82,Biography,Felipe Neto: My Life Makes No Sense,1h 27m,2017
736,Lost,TV-14,Parents strongly cautioned. May be unsuitable for children ages 14 and under.,90,2010,83,80,Thriller,Lost,44m,2004-2010
644,Weeds,TV-MA,For mature audiences.  May not be suitable for children 17 and under.,110,2012,81,80,Action,Weeds,28m,2005-2012
929,The Tudors,TV-MA,For mature audiences.  May not be suitable for children 17 and under.,110,2010,81,82,Comedy,The Tudors,1h,2007-2010
620,Lie to Me,TV-14,Parents strongly cautioned. May be unsuitable for children ages 14 and under.,90,2010,62,80,Comedy,Lie to Me,43m,2009-2011
716,Charmed,TV-PG,Parental guidance suggested. May not be suitable for all children.,70,2005,93,80,Drama,Charmed,42m,1998-2006
621,White Collar,TV-PG,Parental guidance suggested. May not be suitable for all children.,70,2014,79,80,Comedy,White Collar,40m,2009-2014
810,House of Cards,TV-MA,For mature audiences.  May not be suitable for children 17 and under.,110,2016,90,80,Comedy,House of Cards,51m,2013-2018
939,The Killing,TV-14,Parents strongly cautioned. May be unsuitable for children ages 14 and under.,90,2014,77,80,Animation,The Killing,45m,2011-2014
697,Unconditional,PG-13,some violent content and mature thematic elements,80,2012,84,82,Crime,Unconditional,1h 32m,2012
899,The Blacklist,TV-14,Parents strongly cautioned. May be unsuitable for children ages 14 and under.,90,2016,94,80,Comedy,The Blacklist,43m,On air 
710,The Fosters,TV-14,Parents strongly cautioned. May be unsuitable for children ages 14 and under.,90,2016,86,80,Comedy,The Fosters,1h,2013-2018
918,Witches of East End,TV-14,Parents strongly cautioned. May be unsuitable for children ages 14 and under.,90,2014,81,82,Comedy,Witches of East End,1h,2013-2014
850,Bitten,TV-MA,For mature audiences.  May not be suitable for children 17 and under.,110,2016,78,80,Comedy,Bitten,44m,2014-2016
656,London Has Fallen,R,strong violence and language throughout,100,2016,64,80,Comedy,London Has Fallen,1h 39m,2016
583,Marvel's Jessica Jones,TV-MA,For mature audiences.  May not be suitable for children 17 and under.,110,2015,58,80,Horror,Marvel's Jessica Jones,56m,2015-2019
558,Bloodline,TV-MA,For mature audiences.  May not be suitable for children 17 and under.,110,2016,89,82,Crime,Bloodline,1h,2015-2017
917,Velvet,TV-14,Parents strongly cautioned. May be unsuitable for children ages 14 and under.,90,2016,56,82,Documentary,Velvet,43m,2013-2016
768,The Crown,TV-MA,For mature audiences.  May not be suitable for children 17 and under.,110,2016,97,80,Horror,The Crown,58m,On air 
774,Kurt Seyit & Sura,TV-14,Parents strongly cautioned. May be unsuitable for children ages 14 and under.,90,2014,97,82,Comedy,Kurt Seyit & Sura,46m,2014
771,The Returned,TV-14,Parents strongly cautioned. May be unsuitable for children ages 14 and under.,90,2015,82,82,Crime,The Returned,42m,2015
886,The Girl in the Book,TV-MA,For mature audiences.  May not be suitable for children 17 and under.,110,2015,97,82,Drama,The Girl in the Book,1h 26m,2015
782,Quantico,TV-14,Parents strongly cautioned. May be unsuitable for children ages 14 and under.,90,2016,61,80,Comedy,Quantico,42m,2015-2018
870,100 Metros,TV-MA,For mature audiences.  May not be suitable for children 17 and under.,110,2016,88,82,Fantasy,100 Metros,1h 48m,2017
875,Dexter,TV-MA,For mature audiences.  May not be suitable for children 17 and under.,110,2013,84,80,FantasyandHorror,Dexter,53m,2006-2013
835,Leverage,TV-PG,Parental guidance suggested. May not be suitable for all children.,70,2012,92,80,Crime,Leverage,42m,2008-2012
939,Burn Notice,TV-14,Parents strongly cautioned. May be unsuitable for children ages 14 and under.,90,2013,77,80,Animation,Burn Notice,44m,2007-2013
825,Luther,TV-14,Parents strongly cautioned. May be unsuitable for children ages 14 and under.,90,2015,63,80,Animation,Luther,1h,On air 
942,Hawaii Five-0,TV-14,dialogue language sexual situations and violence,90,2016,94,80,Animation,Hawaii Five-0,42m,On air 
647,Last Man Standing,TV-PG,Parental guidance suggested. May not be suitable for all children.,70,2015,69,80,Animation,Last Man Standing,30m,On air 
644,Person of Interest,TV-14,Parents strongly cautioned. May be unsuitable for children ages 14 and under.,90,2016,81,80,ActionAdventure,Person of Interest,43m,2011-2016
663,Touch,TV-14,Parents strongly cautioned. May be unsuitable for children ages 14 and under.,90,2012,98,80,Comedy,Touch,43m,2012-2013
854,Breakout Kings,TV-14,Parents strongly cautioned. May be unsuitable for children ages 14 and under.,90,2012,85,80,Comedy,Breakout Kings,43m,2011-2012
996,The Following,TV-14,Parents strongly cautioned. May be unsuitable for children ages 14 and under.,90,2015,81,82,Crime,The Following,43m,2013-2015
595,Drugs Inc.,TV-14,Parents strongly cautioned. May be unsuitable for children ages 14 and under.,90,2015,89,82,Romance,Drugs Inc.,44m,On air 
541,Longmire,TV-14,Parents strongly cautioned. May be unsuitable for children ages 14 and under.,90,2016,81,80,ActionandCrime,Longmire,1h,2012-2017
821,Ripper Street,TV-MA,For mature audiences.  May not be suitable for children 17 and under.,110,2016,90,82,Comedy,Ripper Street,59m,2012-2016
502,The Fall,TV-MA,For mature audiences.  May not be suitable for children 17 and under.,110,2016,93,80,FantasyandHorror,The Fall,1h,2013-2016
700,Death in Paradise,TV-14,Parents strongly cautioned. May be unsuitable for children ages 14 and under.,90,2016,91,80,Crime,Death in Paradise,1h,On air 
615,Marvel's Agents of S.H.I.E.L.D.,TV-PG,Parental guidance suggested. May not be suitable for all children.,70,2016,73,80,FantasyandHorror,Marvel's Agents of S.H.I.E.L.D.,45m,On air 
617,Crossing Lines,TV-14,Parents strongly cautioned. May be unsuitable for children ages 14 and under.,90,2015,81,80,Sci-Fi,Crossing Lines,43m,2013-2015
962,The Honorable Woman,TV-MA,For mature audiences.  May not be suitable for children 17 and under.,110,2014,96,82,Mystery,The Honorable Woman,1h,2014
980,Transporter: The Series,TV-MA,For mature audiences.  May not be suitable for children 17 and under.,110,2014,73,82,Fantasy,Transporter: The Series,48m,2012-2014
755,Gotham,TV-14,Parents strongly cautioned. May be unsuitable for children ages 14 and under.,90,2016,79,80,Mystery,Gotham,42m,2014-2019
817,American Odyssey,TV-14,Parents strongly cautioned. May be unsuitable for children ages 14 and under.,90,2015,81,82,AnimationandCrime,American Odyssey,1h,2015
861,Aquarius,TV-MA,For mature audiences.  May not be suitable for children 17 and under.,110,2015,56,82,Animation,Aquarius,42m,2015-2016
551,Hap and Leonard,TV-MA,,110,2016,96,80,Thriller,Hap and Leonard,1h,On air 
874,Rosewood,TV-14,Parents strongly cautioned. May be unsuitable for children ages 14 and under.,90,2015,83,80,Animation,Rosewood,42m,2015-2017
551,Limitless,TV-14,Parents strongly cautioned. May be unsuitable for children ages 14 and under.,90,2016,81,80,ActionandCrime,Limitless,1h 45m,2011
743,Travelers,TV-MA,For mature audiences.  May not be suitable for children 17 and under.,110,2016,81,80,Sci-Fi,Travelers,45m,On air 
537,The Doctor Blake Mysteries,TV-MA,For mature audiences.  May not be suitable for children 17 and under.,110,2016,84,80,FantasyandHorror,The Doctor Blake Mysteries,57m,On air 
1000,I.T,NR,,124,2016,91,82,Mystery,I.T,1h 35m,2016
809,Bordertown,TV-MA,For mature audiences.  May not be suitable for children 17 and under.,110,2016,81,82,Animation,Bordertown,1h,On air 
503,The West Wing,TV-14,Parents strongly cautioned. May be unsuitable for children ages 14 and under.,90,2005,81,80,Musical,The West Wing,44m,1999-2006
633,Blue Bloods,TV-14,Parents strongly cautioned. May be unsuitable for children ages 14 and under.,90,2016,81,80,Drama,Blue Bloods,43m,On air 
930,Forensic Files,TV-14,Parents strongly cautioned. May be unsuitable for children ages 14 and under.,90,2011,88,80,Action,Forensic Files,30m,1996-2011
762,Rectify,TV-14,Parents strongly cautioned. May be unsuitable for children ages 14 and under.,90,2016,68,82,Action,Rectify,1h,2013-2016
630,American Crime,TV-14,Parents strongly cautioned. May be unsuitable for children ages 14 and under.,90,2016,81,82,ActionAdventure,American Crime,43m,2015-2017
642,Madam Secretary,TV-14,Parents strongly cautioned. May be unsuitable for children ages 14 and under.,90,2016,97,80,Biography,Madam Secretary,45m,On air 
924,American Crime Story: The People v. O.J. Simpson,TV-MA,For mature audiences.  May not be suitable for children 17 and under.,110,2016,95,80,Action,American Crime Story: The People v. O.J. Simpson,42m,On air 
800,The Nightmare Before Christmas,PG,some scary images,60,1993,86,80,Drama,The Nightmare Before Christmas,1h 16m,1993
880,Scooby-Doo,PG,some rude humor language and some scary action,60,2002,89,80,Horror,Scooby-Doo,1h 26m,2002
622,Chicken Little,G,General Audiences. Suitable for all ages.,35,2005,97,80,ActionAdventure,Chicken Little,1h 21m,2005
751,Teenage Mutant Ninja Turtles,PG,animated action violence some scary cartoon images and mild language,60,2007,85,82,Action,Teenage Mutant Ninja Turtles,1h 33m,1990
586,Star Wars: The Clone Wars,PG,sci-fi action violence throughout brief language and momentary smoking,60,2008,69,80,Action,Star Wars: The Clone Wars,23m,2008-2019
866,The Smurfs and the Magic Flute,G,General Audiences. Suitable for all ages.,35,1976,96,82,Animation,The Smurfs and the Magic Flute,1h 29m,1983
539,We're Back! A Dinosaur's Story,G,General Audiences. Suitable for all ages.,35,1993,97,82,Crime,We're Back! A Dinosaur's Story,1h 12m,1993
917,Thomas & Friends: Thomas & the Runaway Kite,TV-Y,Suitable for all ages.,10,2010,84,82,Action,Thomas & Friends: Thomas & the Runaway Kite,46m,2010
871,Dino Squad,TV-Y7,Suitable for children ages 7 and older,41,2008,93,82,Comedy,Dino Squad,30m,On air 
555,Cars Toons: Mater's Tall Tales,TV-G,Suitable for all ages.,35,2010,68,80,Drama,Cars Toons: Mater's Tall Tales,1h,2010
718,LeapFrog: The Amazing Alphabet Amusement Park,TV-Y,Suitable for all ages.,10,2010,88,82,Crime,LeapFrog: The Amazing Alphabet Amusement Park,36m,2011
844,Star Wars: The Clone Wars,TV-PG,Parental guidance suggested. May not be suitable for all children.,70,2014,81,80,Comedy,Star Wars: The Clone Wars,23m,2008-2019
722,Phineas and Ferb,TV-G,Suitable for all ages.,35,2012,81,80,Documentary,Phineas and Ferb,15m,2007-2015
682,The Batman,TV-Y7,Suitable for children ages 7 and older,41,2007,92,80,Mystery,The Batman,30m,2004-2008
687,Justice League,TV-Y7-FV,Suitable for children ages 7 and older.  Content contains fantasy violence.,42,2003,81,80,Drama,Justice League,2h ,2017
864,Justice League Unlimited,TV-Y7-FV,Suitable for children ages 7 and older.  Content contains fantasy violence.,42,2005,61,82,Comedy,Justice League Unlimited,22m,2001-2004
775,Mighty Morphin Power Rangers,TV-Y7-FV,Suitable for children ages 7 and older.  Content contains fantasy violence.,42,2010,77,80,Biography,Mighty Morphin Power Rangers,30m,1993-1999
651,Young Justice,TV-PG,Parental guidance suggested. May not be suitable for all children.,70,2012,89,80,Comedy,Young Justice,23m,On air 
535,The Super Mario Bros. Super Show!,TV-Y7,Suitable for children ages 7 and older,41,1989,66,82,Drama,The Super Mario Bros. Super Show!,30m,1989
648,Power Rangers Zeo,TV-Y7-FV,Suitable for children ages 7 and older.  Content contains fantasy violence.,42,1996,96,82,Biography,Power Rangers Zeo,21m,1996-1997
993,Oscar's Oasis,TV-G,Suitable for all ages.,35,2011,81,82,Thriller,Oscar's Oasis,1h,On air 
933,Transformers Prime,TV-Y7-FV,Suitable for children ages 7 and older.  Content contains fantasy violence.,42,2013,81,82,Action,Transformers Prime,30m,2010-2013
710,The Adventures of Chuck & Friends,TV-Y,Suitable for all ages.,10,2011,85,82,Comedy,The Adventures of Chuck & Friends,1h,On air 
755,Transformers: Rescue Bots,TV-Y7,Suitable for children ages 7 and older,41,2016,95,82,Comedy,Transformers: Rescue Bots,20m,2011-2016
868,Thomas & Friends: King of the Railway,TV-G,Suitable for all ages.,35,2013,81,82,Drama,Thomas & Friends: King of the Railway,1h 2m,2013
590,LEGO: Marvel Super Heroes: Maximum Overload,TV-Y7-FV,Suitable for children ages 7 and older.  Content contains fantasy violence.,42,2013,81,82,Comedy,LEGO: Marvel Super Heroes: Maximum Overload,22m,On air 
524,Max Steel,TV-Y7-FV,Suitable for children ages 7 and older.  Content contains fantasy violence.,42,2014,57,82,Comedy,Max Steel,1h 32m,2016
590,Transformers Prime Beast Hunters: Predacons Rising,TV-Y7-FV,Suitable for children ages 7 and older.  Content contains fantasy violence.,42,2013,81,82,Animation,Transformers Prime Beast Hunters: Predacons Rising,1h 5m,2013
826,Agent F.O.X.,PG,Parental guidance suggested. May not be suitable for children.,60,2014,88,82,Crime,Agent F.O.X.,1h 23m,2015
990,VeggieTales in the House,TV-Y,Suitable for all ages.,10,2016,84,82,Comedy,VeggieTales in the House,2h,2014-2016
706,Thunder and the House Of Magic,TV-G,Suitable for all ages.,35,2013,86,82,Comedy,Thunder and the House Of Magic,1h 25m,2013
705,All Hail King Julien,TV-Y7-FV,Suitable for children ages 7 and older.  Content contains fantasy violence.,42,2016,57,80,Comedy,All Hail King Julien,23m,2014-2017
523,Kong: King of the Apes,TV-Y7-FV,Suitable for children ages 7 and older.  Content contains fantasy violence.,42,2016,81,82,Comedy,Kong: King of the Apes,1h,On air 
652,Marvel Super Hero Adventures: Frost Fight!,PG,fantasy action,60,2015,81,82,Comedy,Marvel Super Hero Adventures: Frost Fight!,1h 13m,2015
720,Slugterra: Slug Fu Showdown,TV-Y7-FV,Suitable for children ages 7 and older.  Content contains fantasy violence.,42,2015,97,82,Horror,Slugterra: Slug Fu Showdown,43m,2015
812,Dinotrux,TV-Y7-FV,Suitable for children ages 7 and older.  Content contains fantasy violence.,42,2017,89,82,Crime,Dinotrux,1h,2015-2017
798,Edgar Rice Burroughs' Tarzan and Jane,TV-Y7-FV,Suitable for children ages 7 and older.  Content contains fantasy violence.,42,2017,79,82,Documentary,Edgar Rice Burroughs' Tarzan and Jane,,
515,Lego DC Comics: Batman Be-Leaguered,TV-Y7,Suitable for children ages 7 and older,41,2014,95,82,Horror,Lego DC Comics: Batman Be-Leaguered,22m,2014
678,Power Rangers Dino Charge,TV-Y7,Suitable for children ages 7 and older,41,2015,84,82,Comedy,Power Rangers Dino Charge,21m,2015-2016
827,Bunks,TV-PG,Parental guidance suggested. May not be suitable for all children.,70,2013,93,82,Crime,Bunks,1h 20m,2014
829,The Jungle Book,PG,for some sequences of scary action and peril,60,2016,88,80,Drama,The Jungle Book,1h 46m,2016
920,The Angry Birds Movie,PG,for rude humor and action,60,2016,81,80,Comedy,The Angry Birds Movie,1h 37m,2016
604,The Secret Life of Pets,PG,for action and some rude humor,60,2016,61,81,Fantasy,The Secret Life of Pets,1h 27m,2016
704,The Furchester Hotel,TV-Y,Suitable for all ages.,10,2015,96,82,FantasyandHorror,The Furchester Hotel,1h 30m,On air 
847,Marvel's Hulk: Where Monsters Dwell,PG,action violence throughout some scary images and language,60,2016,81,82,Crime,Marvel's Hulk: Where Monsters Dwell,1h 15m,2016
565,Angry Birds,TV-G,Suitable for all ages.,35,2013,70,82,Animation,Angry Birds,1h 37m,2016
891,Talking Tom and Friends,TV-G,Suitable for all ages.,35,2016,81,80,Animation,Talking Tom and Friends,11m,On air 
675,Nexo Knights,TV-Y7-FV,Suitable for children ages 7 and older.  Content contains fantasy violence.,42,2015,81,82,Animation,Nexo Knights,30m,On air 
887,An Extremely Goofy Movie,G,General Audiences. Suitable for all ages.,35,1999,94,80,Animation,An Extremely Goofy Movie,1h 19m,2000
939,The Iron Giant,PG,fantasy action and mild language,60,1999,88,80,ActionAdventure,The Iron Giant,1h 26m,1999
757,The Cat in the Hat Knows a Lot About That!,TV-Y,Suitable for all ages.,10,2014,84,82,Comedy,The Cat in the Hat Knows a Lot About That!,26m,On air 
721,Bob the Builder,TV-Y,Suitable for all ages.,10,2015,79,82,Drama,Bob the Builder,10m,On air 
636,Beyblade: Metal Fusion,TV-Y7,Suitable for children ages 7 and older,41,2009,57,82,Comedy,Beyblade: Metal Fusion,30m,2009-2013
541,Ninja Turtles: The Next Mutation,TV-Y7-FV,Suitable for children ages 7 and older.  Content contains fantasy violence.,42,1997,84,82,Fantasy,Ninja Turtles: The Next Mutation,20m,1997-1998
500,DreamWorks Kung Fu Panda Awesome Secrets,TV-PG,Parental guidance suggested. May not be suitable for all children.,70,2008,86,82,FantasyandHorror,DreamWorks Kung Fu Panda Awesome Secrets,30m,2208
698,LEGO Ninjago: Masters of Spinjitzu,TV-Y7-FV,Suitable for children ages 7 and older.  Content contains fantasy violence.,42,2015,92,80,Crime,LEGO Ninjago: Masters of Spinjitzu,20m,On air 
913,Goosebumps,TV-Y7,Suitable for children ages 7 and older,41,1998,81,80,Animation,Goosebumps,1h 43m,2015
594,LEGO Ninjago: Masters of Spinjitzu: Way of the Ninja,TV-Y7-FV,Suitable for children ages 7 and older.  Content contains fantasy violence.,42,2011,57,82,Animation,LEGO Ninjago: Masters of Spinjitzu: Way of the Ninja,44m,2016
834,Super Buddies,G,General Audiences. Suitable for all ages.,35,2013,95,82,Animation,Super Buddies,1h 21m,2013
515,Tad: The Lost Explorer,TV-PG,Parental guidance suggested. May not be suitable for all children.,70,2012,81,82,Animation,Tad: The Lost Explorer,1h 32m,2012
663,PokÌ©mon: Indigo League,TV-Y,Suitable for all ages.,10,2000,81,80,ActionAdventure,PokÌ©mon: Indigo League,1h,2010
866,Ratchet and Clank,PG,action and some rude humor,60,2016,81,80,Comedy,Ratchet and Clank,1h 34m,2016
659,Pac-Man and the Ghostly Adventures,TV-Y7,Suitable for children ages 7 and older,41,2014,81,82,Comedy,Pac-Man and the Ghostly Adventures,30m,2013-2015
857,Iron Man & Captain America: Heroes United,PG,action and violence throughout and mild language,60,2014,74,82,Crime,Iron Man & Captain America: Heroes United,1h 11m,2014
785,Power Rangers Super Megaforce,TV-Y7,Suitable for children ages 7 and older,41,2014,81,82,Romance,Power Rangers Super Megaforce,24m,2103-2014
691,Chuggington,TV-Y,Suitable for all ages.,10,2015,93,82,ActionandCrime,Chuggington,30m,On air 
982,The Adventures of Puss in Boots,TV-Y7-FV,Suitable for children ages 7 and older.  Content contains fantasy violence.,42,2016,89,80,Comedy,The Adventures of Puss in Boots,23m,2015-2018
881,Some Assembly Required,TV-G,Suitable for all ages.,35,2015,77,82,FantasyandHorror,Some Assembly Required,1h,On air 
725,Kulipari: An Army of Frogs,TV-Y7-FV,Suitable for children ages 7 and older.  Content contains fantasy violence.,42,2016,66,82,Crime,Kulipari: An Army of Frogs,20m,On air 
703,Transformers: Robots in Disguise,TV-Y7,Suitable for children ages 7 and older,41,2016,81,82,FantasyandHorror,Transformers: Robots in Disguise,22m,2014-2017
737,Robocar Poli,TV-Y,Suitable for all ages.,10,2012,73,82,Sci-Fi,Robocar Poli,45m,On air 
803,LEGO Bionicle: The Journey to One,TV-Y7-FV,Suitable for children ages 7 and older.  Content contains fantasy violence.,42,2016,71,82,Mystery,LEGO Bionicle: The Journey to One,22m,On air 
925,Voltron: Legendary Defender,TV-Y7-FV,Suitable for children ages 7 and older.  Content contains fantasy violence.,42,2017,81,82,Fantasy,Voltron: Legendary Defender,23m,2016-2018
952,Buddy Thunderstruck,TV-PG,Parental guidance suggested. May not be suitable for all children.,70,2017,81,82,Mystery,Buddy Thunderstruck,24m,2017
995,PokÌ©mon: XY,TV-Y7-FV,Suitable for children ages 7 and older.  Content contains fantasy violence.,42,2015,81,80,AnimationandCrime,PokÌ©mon: XY,24m,On air 
840,Power Rangers Dino Super Charge,TV-Y7,Suitable for children ages 7 and older,41,2016,81,82,Animation,Power Rangers Dino Super Charge,21m,2015-2016
609,The Deep,TV-Y7,Suitable for children ages 7 and older,41,2015,81,82,Thriller,The Deep,2h 3m,1977
711,Skylanders Academy,TV-Y7,Suitable for children ages 7 and older,41,2016,81,82,Animation,Skylanders Academy,25m,On air 
525,Growing Up Wild,G,,35,2016,81,80,ActionandCrime,Growing Up Wild,1h 18m,2016
949,The Little Rascals,PG,some rude dialogue,60,1994,81,80,Sci-Fi,The Little Rascals,1h 22m,1994
858,Flubber,PG,slapstick action and mild language,60,1997,81,80,FantasyandHorror,Flubber,1h 33m,1997
868,Tarzan,G,General Audiences. Suitable for all ages.,35,1999,81,80,Mystery,Tarzan,1h 28m,1999
552,The Emperor's New Groove,G,General Audiences. Suitable for all ages.,35,2000,81,80,Animation,The Emperor's New Groove,1h 18m,2000
690,Lilo & Stitch,PG,mild sci-fi action,60,2002,81,80,Musical,Lilo & Stitch,1h 25m,2002
852,Scooby-Doo 2: Monsters Unleashed,PG,some scary action rude humor and language,60,2004,81,80,Drama,Scooby-Doo 2: Monsters Unleashed,1h 33m,2004
504,The Three Musketeers,G,General Audiences. Suitable for all ages.,35,2004,71,82,Action,The Three Musketeers,1h 45m,1993
744,Mickey's Twice Upon a Christmas,G,General Audiences. Suitable for all ages.,35,2004,81,82,Action,Mickey's Twice Upon a Christmas,1h 8m,2004
618,The Pacifier,PG,action violence language and rude humor,60,2005,81,80,ActionAdventure,The Pacifier,1h 35m,2005
800,Bee Movie,PG,mild suggestive humor,60,2007,81,80,Biography,Bee Movie,1h 31m,2007
774,Kung Fu Panda,PG,sequences of martial arts action,60,2008,81,80,Action,Kung Fu Panda,1h 32m,2008
528,Super Why!,TV-Y,Suitable for all ages.,10,2015,81,80,Drama,Super Why!,30m,On air 
530,Jessie,TV-G,Suitable for all ages.,35,2015,81,80,Horror,Jessie,30m,2011-2015
694,Disney Animation Collection: Vol. 1: Mickey and the Beanstalk,TV-G,Suitable for all ages.,35,2009,81,82,ActionAdventure,Disney Animation Collection: Vol. 1: Mickey and the Beanstalk,9m,2009
591,Lab Rats,TV-Y7,Suitable for children ages 7 and older,41,2016,81,80,Action,Lab Rats,22m,2012-2016
985,Pocoyo,TV-Y,Suitable for all ages.,10,2007,97,80,Action,Pocoyo,7m,On air 
763,Octonauts,TV-Y,Suitable for all ages.,10,2015,92,82,Animation,Octonauts,11m,On air 
947,Dragons: Race to the Edge,TV-Y7-FV,Suitable for children ages 7 and older.  Content contains fantasy violence.,42,2017,81,80,Crime,Dragons: Race to the Edge,22m,2015-2018
772,Mother Goose Club,TV-Y,Suitable for all ages.,10,2016,81,82,Action,Mother Goose Club,33m,On air 
808,Little Einsteins,TV-Y,Suitable for all ages.,10,2007,81,80,Comedy,Little Einsteins,1h,On air 
824,Hotel Transylvania 2,PG,some scary images action and rude humor,60,2015,81,80,Drama,Hotel Transylvania 2,1h 29m,2015
876,Dawn of the Croods,TV-Y7,Suitable for children ages 7 and older,41,2017,61,80,Crime,Dawn of the Croods,23m,2015-2017
524,Goosebumps,PG,scary and intense creature action and images and for some rude humor,60,2015,81,80,Comedy,Goosebumps,1h 43m,2015
551,Kung Fu Panda 3,PG,martial arts action and some mild rude humor,60,2016,84,80,Documentary,Kung Fu Panda 3,1h 35m,2016
687,Home: Adventures with Tip & Oh,TV-Y7,Suitable for children ages 7 and older,41,2017,67,82,Mystery,Home: Adventures with Tip & Oh,23m,2016-2018
562,Open Season: Scared Silly,PG,rude humor and some action,60,2015,86,80,Drama,Open Season: Scared Silly,1h 24m,2016
767,The Land Before Time XIV: Journey of the Brave,G,General Audiences. Suitable for all ages.,35,2016,83,82,Comedy,The Land Before Time XIV: Journey of the Brave,1h 22m,2016
502,Alice Through the Looking Glass,PG,fantasy action/peril and some language,60,2016,57,80,Biography,Alice Through the Looking Glass,1h 53m,2016
732,Ask the StoryBots,TV-Y,Suitable for all ages.,10,2016,74,82,Comedy,Ask the StoryBots,24m,2016-2018
981,Goldie & Bear,TV-Y,Suitable for all ages.,10,2016,77,80,Drama,Goldie & Bear,24m,On air 
881,Little Baby Bum: Nursery Rhyme Friends,TV-Y,Suitable for all ages.,10,2016,66,82,Biography,Little Baby Bum: Nursery Rhyme Friends,1h,2018
861,Tayo the Little Bus,TV-Y,Suitable for all ages.,10,2014,81,82,Thriller,Tayo the Little Bus,30m,On air 
957,Antz,PG,moderate adult language and intense action,60,1998,81,80,Action,Antz,1h 23m,1998
877,Chicken Run,G,General Audiences. Suitable for all ages.,35,2000,73,80,Comedy,Chicken Run,1h 24m,2000
806,Spy Kids 3: Game Over,PG,action sequences and peril,60,2003,81,80,Comedy,Spy Kids 3: Game Over,1h 24m,2003
859,Annie,PG,adult content and mld violence,60,1982,81,80,Drama,Annie,2h 7m,1982
568,Mulan 2,G,General Audiences. Suitable for all ages.,35,2004,81,80,Comedy,Mulan 2,1h 19m,2005
684,Lilo & Stitch 2: Stitch Has A Glitch,PG,some mild action,60,2005,81,80,Comedy,Lilo & Stitch 2: Stitch Has A Glitch,1h 8m,2005
706,DreamWorks Shrek's Swamp Stories,TV-PG,Parental guidance suggested. May not be suitable for all children.,70,2008,81,80,Animation,DreamWorks Shrek's Swamp Stories,30m,2010
884,Beverly Hills Chihuahua 3: Viva La Fiesta!,G,General Audiences. Suitable for all ages.,35,2012,67,82,Crime,Beverly Hills Chihuahua 3: Viva La Fiesta!,1h 29m,2012
630,DreamWorks Spooky Stories: Volume 2,TV-PG,Parental guidance suggested. May not be suitable for all children.,70,2011,81,82,Comedy,DreamWorks Spooky Stories: Volume 2,1h 24m,2012
1000,The Magic School Bus,TV-Y,Suitable for all ages.,10,1997,88,80,Comedy,The Magic School Bus,30m,1994-1997
508,Sammy 2,TV-PG,Parental guidance suggested. May not be suitable for all children.,70,2012,81,82,Comedy,Sammy 2,1h 32m,2012
593,Sofia the First,TV-Y,Suitable for all ages.,10,2015,81,80,Comedy,Sofia the First,30m,On air 
551,Barbie Life in the Dreamhouse,TV-G,Suitable for all ages.,35,2012,81,80,Comedy,Barbie Life in the Dreamhouse,3m,On air 
775,Paddington,PG,mild action and rude humor,60,2014,74,80,Horror,Paddington,1h 35m,2015
959,Larva,TV-G,Suitable for all ages.,35,2015,74,82,Crime,Larva,4m,On air 
764,Sid the Science Kid,TV-Y,Suitable for all ages.,10,2008,81,82,Documentary,Sid the Science Kid,27m,On air 
634,Minions,PG,action and rude humor,60,2015,81,80,Horror,Minions,1h 31m,2015
503,The Little Prince,PG,mild thematic elements,60,2015,81,80,Comedy,The Little Prince,1h 48m,2016
924,Word Party,TV-Y,Suitable for all ages.,10,2016,81,82,Crime,Word Party,11m,On air 
882,Cool Runnings,PG,Parental guidance suggested. May not be suitable for children.,60,1993,71,80,Drama,Cool Runnings,1h 38m,1993
759,Homeward Bound: The Incredible Journey,G,General Audiences. Suitable for all ages.,35,1993,78,80,Comedy,Homeward Bound: The Incredible Journey,1h 24m,1993
782,Anastasia,G,General Audiences. Suitable for all ages.,35,1997,81,80,Fantasy,Anastasia,1h 34m,1997
670,Missione Hamburger,PG,language some comic violence and mild sex-related humor,60,1997,81,80,FantasyandHorror,Missione Hamburger,1h 35m,1997
848,Curious George,G,General Audiences. Suitable for all ages.,35,2006,81,80,Crime,Curious George,1h 27m,2006
550,Secret of the Wings,G,General Audiences. Suitable for all ages.,35,2012,81,80,Animation,Secret of the Wings,1h 15m,2012
903,Clifford the Big Red Dog,TV-Y,Suitable for all ages.,10,2002,81,82,Animation,Clifford the Big Red Dog,30m,2000-2003
670,Walt Disney Animation Studios Short Films Collection,TV-G,Suitable for all ages.,35,2015,81,80,Drama,Walt Disney Animation Studios Short Films Collection,1h 29m,2015
591,Bunk'd,TV-G,Suitable for all ages.,35,2016,81,80,Comedy,Bunk'd,30m,2015-2019
622,The BFG,PG,for action/peril some scary moments and brief rude humor,60,2016,81,80,Fantasy,The BFG,1h 57m,2016
915,The Real Ghostbusters,TV-Y7,Suitable for children ages 7 and older,41,1990,81,80,FantasyandHorror,The Real Ghostbusters,30m,1986-1991
838,Babe: Pig in the City,G,General Audiences. Suitable for all ages.,35,1998,81,82,Crime,Babe: Pig in the City,1h 37m,1998
695,The Prince of Egypt,PG,intense scenes dealing with strong content,60,1998,81,80,Animation,The Prince of Egypt,1h 39m,1998
832,Paulie,PG,Parental guidance suggested. May not be suitable for children.,60,1998,81,82,Animation,Paulie,1h 31m,1998
720,The Road to El Dorado,PG,mild thematic material and language,60,2000,81,80,Animation,The Road to El Dorado,1h 29m,2000
908,Fantasia 2000,G,General Audiences. Suitable for all ages.,35,2000,56,82,Animation,Fantasia 2000,1h 15m,2000
788,Pocahontas II: Journey to a New World,TV-G,Suitable for all ages.,35,1998,81,80,ActionAdventure,Pocahontas II: Journey to a New World,1h 12m,1998
708,Fantasia,G,General Audiences. Suitable for all ages.,35,1940,81,80,Comedy,Fantasia,2h 5m,1941
619,An American Tail,G,General Audiences. Suitable for all ages.,35,1986,81,80,Comedy,An American Tail,1h 20m,1986
936,Pooh's Grand Adventure: The Search for Christopher Robin,G,General Audiences. Suitable for all ages.,35,1997,81,82,Crime,Pooh's Grand Adventure: The Search for Christopher Robin,1h 16m,1997
577,FernGully 2: The Magical Rescue,G,General Audiences. Suitable for all ages.,35,1998,80,82,Romance,FernGully 2: The Magical Rescue,1h 15m,1998
725,Balto 2: Wolf Quest,G,General Audiences. Suitable for all ages.,35,2001,86,82,ActionandCrime,Balto 2: Wolf Quest,1h 16m,2002
935,Balto,G,General Audiences. Suitable for all ages.,35,1995,83,80,Comedy,Balto,1h 18m,1995
619,Back to the Secret Garden,G,General Audiences. Suitable for all ages.,35,2002,95,82,FantasyandHorror,Back to the Secret Garden,1h 40m,2000
977,The Brave Little Toaster Goes to Mars,G,General Audiences. Suitable for all ages.,35,1998,95,82,Crime,The Brave Little Toaster Goes to Mars,1h 13m,1998
588,The Brave Little Toaster to the Rescue,G,General Audiences. Suitable for all ages.,35,1997,86,82,FantasyandHorror,The Brave Little Toaster to the Rescue,1h 14m,1999
726,An American Tail: The Mystery of the Night Monster,G,General Audiences. Suitable for all ages.,35,1999,95,82,Sci-Fi,An American Tail: The Mystery of the Night Monster,1h 18m,2000
906,An American Tail: Fievel Goes West,G,General Audiences. Suitable for all ages.,35,1991,82,82,Mystery,An American Tail: Fievel Goes West,1h 15m,1991
654,The Last Unicorn,G,General Audiences. Suitable for all ages.,35,1982,81,82,Fantasy,The Last Unicorn,1h 32m,1982
904,Brother Bear 2,G,General Audiences. Suitable for all ages.,35,2006,81,80,Mystery,Brother Bear 2,1h 14m,2006
762,The Fox and the Hound 2,G,General Audiences. Suitable for all ages.,35,2006,91,82,AnimationandCrime,The Fox and the Hound 2,1h 9m,2006
639,Jetsons: The Movie,G,General Audiences. Suitable for all ages.,35,1990,92,82,Animation,Jetsons: The Movie,1h 22m,1990
800,A Monster in Paris,PG,some action violence involving gunplay and mild rude humor,60,2011,81,82,Thriller,A Monster in Paris,1h 30m,2011
991,The Gruffalo,TV-Y,Suitable for all ages.,10,2009,94,82,Animation,The Gruffalo,27m,2010
975,DreamWorks How to Train Your Dragon Legends,TV-PG,Parental guidance suggested. May not be suitable for all children.,70,2011,91,82,ActionandCrime,DreamWorks How to Train Your Dragon Legends,57m,2010
893,Ernest & Celestine,PG,some scary moments,60,2012,95,82,Sci-Fi,Ernest & Celestine,1h 20m,2014
785,Animaniacs,TV-Y7,Suitable for children ages 7 and older,41,1997,74,80,FantasyandHorror,Animaniacs,21m,1993-1998
873,Disney Animation Collection: Vol. 4: The Tortoise and the Hare,TV-G,Suitable for all ages.,35,2009,89,82,Mystery,Disney Animation Collection: Vol. 4: The Tortoise and the Hare,21m,On air 
572,PopPixie,TV-G,Suitable for all ages.,35,2011,68,82,Animation,PopPixie,13m,On air 
867,Jack and the Cuckoo-Clock Heart,PG,scary images suggestive material some language and smoking,60,2013,88,82,Musical,Jack and the Cuckoo-Clock Heart,1h 34m,2014
911,The Pirate Fairy,G,General Audiences. Suitable for all ages.,35,2014,81,80,Drama,The Pirate Fairy,1h 18m,2014
646,Axel: The Biggest Little Hero,PG,some scary images perilous action sequences and mild rude humor,60,2013,85,82,Action,Axel: The Biggest Little Hero,1h 230m,2013
674,The Adventures of Figaro Pho,TV-Y7,Suitable for children ages 7 and older,41,2015,67,82,Action,The Adventures of Figaro Pho,30m,2012
628,The Boxcar Children,G,General Audiences. Suitable for all ages.,35,2014,94,82,ActionAdventure,The Boxcar Children,1h 26m,2014
731,Pet Pals in Windland,TV-G,Suitable for all ages.,35,2014,81,82,Biography,Pet Pals in Windland,1h 20m,2015
695,Alpha and Omega: Dino Digs,TV-G,Suitable for all ages.,35,2016,81,82,Action,Alpha and Omega: Dino Digs,47m,2016
937,Quackerz,PG,rude and suggestive humor and some action,60,2016,88,82,Drama,Quackerz,1h 21m,2016
973,Hatched,TV-Y7,Suitable for children ages 7 and older,41,2013,81,82,Horror,Hatched,1h 11m,2013
890,Blinky Bill: The Movie,PG,some rude humor,60,2015,70,82,ActionAdventure,Blinky Bill: The Movie,1h 33m,2019
900,FernGully: The Last Rainforest,G,General Audiences. Suitable for all ages.,35,1992,93,80,Action,FernGully: The Last Rainforest,1h 16m,1992
979,The Lizzie McGuire Movie,PG,mild thematic elements,60,2003,72,82,Action,The Lizzie McGuire Movie,1h 34m,2003
730,Recess: Taking the Fifth Grade,G,General Audiences. Suitable for all ages.,35,2003,81,82,Animation,Recess: Taking the Fifth Grade,1h 2m,2003
809,The Very Hungry Caterpillar and Other Stories,TV-Y,Suitable for all ages.,10,1993,90,82,Crime,The Very Hungry Caterpillar and Other Stories,31m,On air 
523,The Hero of Color City,G,General Audiences. Suitable for all ages.,35,2014,92,82,Action,The Hero of Color City,1h 17m,2015
924,The Little Engine That Could,G,General Audiences. Suitable for all ages.,35,2011,97,82,Comedy,The Little Engine That Could,1h 23m,2011
913,Delhi Safari,PG,violence and menacing action rude humor suggestive content and thematic elements,60,2012,81,82,Drama,Delhi Safari,1h 36m,2012
551,Pound Puppies,TV-Y,Suitable for all ages.,10,2013,72,82,Crime,Pound Puppies,30m,2010-2013
602,Monster Math Squad,TV-G,Suitable for all ages.,35,2012,81,82,Comedy,Monster Math Squad,30m,On air 
889,Care Bears: Welcome to Care-a-Lot,TV-Y,Suitable for all ages.,10,2012,92,82,Documentary,Care Bears: Welcome to Care-a-Lot,30m,2012
748,Clifford's Puppy Days,TV-Y,Suitable for all ages.,10,2003,96,82,Mystery,Clifford's Puppy Days,30m,On air 
729,Dinosaur King,TV-Y7-FV,Suitable for children ages 7 and older.  Content contains fantasy violence.,42,2008,81,82,Drama,Dinosaur King,30m,2007-2008
759,Ribbit,PG,some peril,60,2014,81,82,Comedy,Ribbit,1h 28m,2014
958,Rooster Doodle-doo,TV-G,Suitable for all ages.,35,2014,81,82,Biography,Rooster Doodle-doo,1h 20m,2014
866,My Animal Friends,TV-Y,Suitable for all ages.,10,2013,77,82,Comedy,My Animal Friends,15m,On air 
604,Worms,PG,Parental guidance suggested. May not be suitable for children.,60,2013,81,82,Drama,Worms,1h 20m,2015
664,Puffin Rock,TV-Y,Suitable for all ages.,10,2016,81,82,Biography,Puffin Rock,7m,On air 
554,The Mr. Peabody and Sherman Show,TV-Y7,Suitable for children ages 7 and older,41,2017,81,82,Thriller,The Mr. Peabody and Sherman Show,23m,2015-2017
776,Zoobabu,TV-Y,Suitable for all ages.,10,2010,61,82,Action,Zoobabu,23m,2010-2015
936,Gon,TV-G,Suitable for all ages.,35,2013,86,82,Comedy,Gon,25m,2012-2013
637,Sid the Science Kid: The Movie,TV-Y,Suitable for all ages.,10,2012,80,82,Comedy,Sid the Science Kid: The Movie,27m,On air 
700,LEGO Jurassic World: The Indominus Escape,TV-Y7,Suitable for children ages 7 and older,41,2016,95,82,Drama,LEGO Jurassic World: The Indominus Escape,24m,On air 
503,Harry and the Hendersons,PG,Parental guidance suggested. May not be suitable for children.,60,1987,67,80,Comedy,Harry and the Hendersons,1h 50m,1987
828,Cats & Dogs,PG,animal action and humor,60,2001,80,82,Comedy,Cats & Dogs,1h 27m,2001
690,Atlantis: The Lost Empire,PG,action violence,60,2001,95,80,Animation,Atlantis: The Lost Empire,1h 35m,2001
652,Tarzan & Jane,G,General Audiences. Suitable for all ages.,35,2002,95,82,Crime,Tarzan & Jane,1h 15m,2002
908,Atlantis: Milo's Return,G,General Audiences. Suitable for all ages.,35,2003,64,80,Comedy,Atlantis: Milo's Return,1h 10m,2003
723,Batched,G,General Audiences. Suitable for all ages.,35,2000,68,82,Comedy,Batched,1h 58m,2017
942,Winnie the Pooh: Springtime with Roo,G,General Audiences. Suitable for all ages.,35,2004,85,82,Comedy,Winnie the Pooh: Springtime with Roo,1h 5m,2004
612,Pooh's Heffalump Movie,G,General Audiences. Suitable for all ages.,35,2005,92,82,Comedy,Pooh's Heffalump Movie,1h 8m,2005
902,Kronk's New Groove,G,General Audiences. Suitable for all ages.,35,2005,85,82,Comedy,Kronk's New Groove,1h 15m,2005
688,Corpse Bride,PG,some scary images and action and brief mild language,60,2005,81,80,Horror,Corpse Bride,1h 17m,2005
993,Disney Animation Collection: Vol. 2: Three Little Pigs,TV-G,Suitable for all ages.,35,2009,94,82,Crime,Disney Animation Collection: Vol. 2: Three Little Pigs,9m,2009
685,Underdogs,PG,Parental guidance suggested. May not be suitable for children.,60,2013,91,82,Documentary,Underdogs,1h 32m,2004
770,Yellowbird,PG,Parental guidance suggested. May not be suitable for children.,60,2014,74,82,Horror,Yellowbird,1h 30m,2015
854,Mr. Magoo,PG,mild language and action sequences,60,1997,68,82,Comedy,Mr. Magoo,1h 27m,1997
502,Air Bud: World Pup,G,General Audiences. Suitable for all ages.,35,2000,56,82,Crime,Air Bud: World Pup,14m,2013
647,Baby's Day Out,PG,mild language and comic action,60,1994,81,80,Drama,Baby's Day Out,1h 39m,1994
582,Blank Check,PG,Parental guidance suggested. May not be suitable for children.,60,1994,81,80,Comedy,Blank Check,1h 33m,1994
753,Heavyweights,PG,some rude language and pranks,60,1995,81,80,Fantasy,Heavyweights,1h 40m,1995
705,Inspector Gadget 2,G,General Audiences. Suitable for all ages.,35,2003,88,82,FantasyandHorror,Inspector Gadget 2,1h 29m,2003
505,Air Bud: Spikes Back,G,General Audiences. Suitable for all ages.,35,2003,81,82,Crime,Air Bud: Spikes Back,1h 27m,2003
731,D2: The Mighty Ducks,PG,some mild language and rough hockey action,60,1994,81,80,Animation,D2: The Mighty Ducks,1h 46m,1994
646,Honey I Shrunk the Kids,PG,Parental guidance suggested. May not be suitable for children.,60,1989,67,80,Animation,Honey I Shrunk the Kids,1h 33m,1989
948,Air Buddies,PG,some mild rude humor,60,2006,82,82,Drama,Air Buddies,1 20m,2006
885,Dr. Dolittle: Tail to the Chief,PG,brief mild language and some rude behavior,60,2008,85,82,Comedy,Dr. Dolittle: Tail to the Chief,1h 25m,2008
939,Flicka 2,PG,some reckless behavior,60,2010,70,82,Fantasy,Flicka 2,1h 36m,2010
976,H2O: Just Add Water,TV-PG,Parental guidance suggested. May not be suitable for all children.,70,2009,81,80,FantasyandHorror,H2O: Just Add Water,23m,2006-2010
988,Dolphin Tale,PG,some mild thematic elements,60,2011,81,82,Crime,Dolphin Tale,1h 53m,2011
504,Step Dogs,TV-PG,Parental guidance suggested. May not be suitable for all children.,70,2013,81,82,Animation,Step Dogs,1h 22m,2014
894,Mia and Me,TV-Y,Suitable for all ages.,10,2015,71,82,Animation,Mia and Me,20m,On air 
1000,Russell Madness,PG,some rude humor and sports action,60,2015,78,82,Animation,Russell Madness,1h 32m,2015
873,Wiener Dog Internationals,G,General Audiences. Suitable for all ages.,35,2015,72,82,Animation,Wiener Dog Internationals,1h 32m,2015
901,Pup Star,G,General Audiences. Suitable for all ages.,35,2016,81,82,ActionAdventure,Pup Star,1h 32m,2016
674,Precious Puppies,TV-G,Suitable for all ages.,35,2003,83,82,Comedy,Precious Puppies,53m,2003
699,Beary Tales,TV-G,Suitable for all ages.,35,2013,74,82,Comedy,Beary Tales,51m,2013
944,Mirzapur,TV-G,Action crime thrilles. Not suitable for all ages.,45,2018,81,80,Crime,Mirzapur,1h ,On air 
901,Sacred games,TV-G,Action crime thrilles. Not suitable for all ages.,51,2018,82,78,Romance,Sacred games,50m,On air 
570,TVF Pitchers,PG,Action crime thrilles. Not suitable for all ages.,60,2015,82,80,ActionandCrime,TVF Pitchers,40m,2015
515,Inside Edge,TV-Y7,Action crime thrilles. Not suitable for all ages.,45,2017,82,81,Comedy,Inside Edge,45m,On air 
918,Permanent Roomates,PG,Action crime thrilles. Not suitable for all ages.,70,2014,82,83,FantasyandHorror,Permanent Roomates,21m,On air 
590,Flames,G,Action crime thrilles. Not suitable for all ages.,8,2018,81,80,Crime,Flames,20m,On air 
903,College Romance,PG,Action crime thrilles. Not suitable for all ages.,40,2018,81,82,FantasyandHorror,College Romance,30m,On air 
950,Breathe,G,Action crime thrilles. Not suitable for all ages.,32,2018,81,82,Sci-Fi,Breathe,45m,On air 
814,Bang Baaja Baarat,TV-Y,Action crime thrilles. Not suitable for all ages.,35,2015,67,80,Mystery,Bang Baaja Baarat,20m,On air 
508,Baked,G,Action crime thrilles. Not suitable for all ages.,35,2015,81,80,Fantasy,Baked,23m,On air 
794,The Aam Aadmi family,G,Action crime thrilles. Not suitable for all ages.,40,2016,88,80,Mystery,The Aam Aadmi family,1h,On air 
762,A.I.S.H.A,PG,Action crime thrilles. Not suitable for all ages.,45,2016,81,80,AnimationandCrime,A.I.S.H.A,2h 6m,2010
664,TVF Tripling,TV-Y,Action crime thrilles. Not suitable for all ages.,55,2016,81,80,Animation,TVF Tripling,30m,On air 
619,TVF Bachelors,TV-G,Action crime thrilles. Not suitable for all ages.,10,2016,81,82,Thriller,TVF Bachelors,35m,On air 
932,Yeh Meri Family,TV-Y,Action crime thrilles. Not suitable for all ages.,25,2018,74,95,Animation,Yeh Meri Family,30m,On air 
747,Lakho Mein Ek,TV-Y,Action crime thrilles. Not suitable for all ages.,15,2017,74,90,ActionandCrime,Lakho Mein Ek,1h ,On air 
840,Engineering girls,TV-Y7-FV,Action crime thrilles. Not suitable for all ages.,18,2018,81,60,Sci-Fi,Engineering girls,1h,On air 
753,Fathers,PG,Action crime thrilles. Not suitable for all ages.,43,2017,65,72,FantasyandHorror,Fathers,1h 36m,2016
